date,district,total_hospitalized,observation,active,isolation,hospitalized_today
2020-3-1,Thiruvananthapuram,2,32,0,30,0
2020-3-20,Thiruvananthapuram,47,3710,4,3663,7
2020-3-17,Thiruvananthapuram,66,795,4,729,11
2020-4-27,Thiruvananthapuram,62,2025,0,1963,11
2020-3-31,Thiruvananthapuram,77,18392,9,18315,13
2020-4-10,Thiruvananthapuram,114,4934,5,4820,27
2020-4-6,Thiruvananthapuram,105,12470,8,12365,25
2020-4-3,Thiruvananthapuram,88,18093,10,18005,27
2020-5-3,Thiruvananthapuram,64,2696,2,2632,8
2020-4-15,Thiruvananthapuram,106,2539,2,2433,28
2020-4-22,Thiruvananthapuram,38,1394,1,1356,9
2020-3-28,Thiruvananthapuram,109,18094,6,17985,29
2020-3-9,Thiruvananthapuram,11,33,0,22,7
2020-4-18,Thiruvananthapuram,113,1811,2,1698,16
2020-3-12,Thiruvananthapuram,5,142,1,137,2
2020-3-25,Thiruvananthapuram,94,6409,4,6315,16
2020-3-4,Thiruvananthapuram,2,29,0,27,3
2020-3-3,Thiruvananthapuram,2,30,0,28,6
2020-3-15,Thiruvananthapuram,43,1449,4,1406,16
2020-3-22,Thiruvananthapuram,53,4926,4,4873,10
2020-4-28,Thiruvananthapuram,57,2075,0,2018,11
2020-4-9,Thiruvananthapuram,98,5802,5,5704,24
2020-3-18,Thiruvananthapuram,64,2414,4,2350,3
2020-4-12,Thiruvananthapuram,110,3879,2,3769,27
2020-4-25,Thiruvananthapuram,47,1920,2,1873,9
2020-4-4,Thiruvananthapuram,101,17443,9,17342,30
2020-5-1,Thiruvananthapuram,62,2346,2,2284,17
2020-4-1,Thiruvananthapuram,77,18058,10,17981,20
2020-4-20,Thiruvananthapuram,97,1510,2,1413,18
2020-4-17,Thiruvananthapuram,113,2155,2,2042,21
2020-3-27,Thiruvananthapuram,101,11024,5,10923,13
2020-3-10,Thiruvananthapuram,16,92,0,76,6
2020-3-6,Thiruvananthapuram,3,28,0,25,0
2020-5-2,Thiruvananthapuram,64,2526,2,2462,11
2020-4-2,Thiruvananthapuram,84,18005,10,17921,27
2020-4-14,Thiruvananthapuram,96,2890,2,2794,18
2020-4-23,Thiruvananthapuram,44,1489,2,1445,23
2020-3-29,Thiruvananthapuram,93,18145,8,18052,18
2020-3-8,Thiruvananthapuram,4,33,0,29,2
2020-4-19,Thiruvananthapuram,110,1770,2,1660,23
2020-3-13,Thiruvananthapuram,18,226,3,208,13
2020-3-24,Thiruvananthapuram,90,5919,5,5829,43
2020-3-5,Thiruvananthapuram,4,28,0,24,2
2020-3-21,Thiruvananthapuram,43,4179,4,4136,3
2020-3-16,Thiruvananthapuram,47,661,4,614,11
2020-4-26,Thiruvananthapuram,61,1976,1,1915,17
2020-4-11,Thiruvananthapuram,101,4383,2,4282,21
2020-3-30,Thiruvananthapuram,86,18122,8,18036,16
2020-4-7,Thiruvananthapuram,96,8475,7,8379,19
2020-4-21,Thiruvananthapuram,38,1387,1,1349,38
2020-4-16,Thiruvananthapuram,116,2359,2,2243,26
2020-3-26,Thiruvananthapuram,114,7968,4,7854,34
2020-4-30,Thiruvananthapuram,54,2064,2,2010,13
2020-3-11,Thiruvananthapuram,13,127,0,114,1
2020-3-7,Thiruvananthapuram,3,28,0,25,1
2020-3-2,Thiruvananthapuram,3,28,0,25,8
2020-3-14,Thiruvananthapuram,29,313,3,284,15
2020-3-23,Thiruvananthapuram,51,5477,4,5426,22
2020-4-29,Thiruvananthapuram,28,2058,2,2030,5
2020-4-8,Thiruvananthapuram,92,6663,4,6571,23
2020-3-19,Thiruvananthapuram,65,2618,4,2553,6
2020-4-13,Thiruvananthapuram,104,3547,2,3443,16
2020-4-24,Thiruvananthapuram,43,1581,2,1538,10
2020-4-5,Thiruvananthapuram,102,17748,8,17646,18
2020-3-1,Kollam,1,6,0,5,0
2020-3-20,Kollam,7,659,0,652,2
2020-3-17,Kollam,12,667,0,655,1
2020-4-27,Kollam,33,1143,9,1110,1
2020-3-31,Kollam,19,17247,2,17228,2
2020-4-10,Kollam,10,7183,7,7173,2
2020-4-6,Kollam,9,11374,5,11365,1
2020-4-3,Kollam,22,15906,4,15884,9
2020-5-3,Kollam,16,1735,12,1719,2
2020-4-15,Kollam,10,4591,5,4581,2
2020-4-22,Kollam,22,1535,6,1513,10
2020-3-28,Kollam,23,17046,2,17023,15
2020-3-9,Kollam,9,75,0,66,6
2020-4-18,Kollam,9,3266,5,3257,1
2020-3-12,Kollam,11,227,0,216,2
2020-3-25,Kollam,6,1192,0,1186,0
2020-3-4,Kollam,2,27,0,25,0
2020-3-3,Kollam,2,24,0,22,0
2020-3-15,Kollam,13,368,0,355,0
2020-3-22,Kollam,3,1014,0,1011,0
2020-4-28,Kollam,36,1184,9,1148,3
2020-4-9,Kollam,10,7935,7,7925,3
2020-3-18,Kollam,7,758,0,751,4
2020-4-12,Kollam,11,6372,7,6361,1
2020-4-25,Kollam,35,1571,9,1536,25
2020-4-4,Kollam,16,15935,5,15919,0
2020-5-1,Kollam,29,1448,12,1419,6
2020-4-1,Kollam,17,16678,2,16661,2
2020-4-20,Kollam,11,2041,5,2030,2
2020-4-17,Kollam,11,3640,5,3629,4
2020-3-27,Kollam,13,17021,1,17008,7
2020-3-10,Kollam,10,85,0,75,4
2020-3-6,Kollam,3,28,0,25,0
2020-5-2,Kollam,19,1692,12,1673,0
2020-4-2,Kollam,14,16171,4,16157,4
2020-4-14,Kollam,11,5104,6,5093,0
2020-4-23,Kollam,24,1509,7,1485,6
2020-3-29,Kollam,23,17040,1,17017,4
2020-3-8,Kollam,3,40,0,37,0
2020-4-19,Kollam,9,2494,5,2485,1
2020-3-13,Kollam,12,324,0,312,3
2020-3-24,Kollam,6,1137,0,1131,5
2020-3-5,Kollam,2,28,0,26,1
2020-3-21,Kollam,4,900,0,896,0
2020-3-16,Kollam,13,414,0,401,2
2020-4-26,Kollam,35,1025,9,990,16
2020-4-11,Kollam,10,6464,7,6454,1
2020-3-30,Kollam,17,17049,1,17032,4
2020-4-7,Kollam,15,9432,6,9417,10
2020-4-21,Kollam,15,1579,6,1564,4
2020-4-16,Kollam,11,3967,5,3956,5
2020-3-26,Kollam,8,16464,0,16456,3
2020-4-30,Kollam,23,1373,12,1350,11
2020-3-11,Kollam,10,177,0,167,6
2020-3-7,Kollam,3,30,0,27,0
2020-3-2,Kollam,1,9,0,8,0
2020-3-14,Kollam,18,308,0,290,7
2020-3-23,Kollam,3,1073,0,1070,0
2020-4-29,Kollam,36,1207,15,1171,4
2020-4-8,Kollam,16,9237,6,9221,2
2020-3-19,Kollam,7,673,0,666,1
2020-4-13,Kollam,12,5399,7,5387,2
2020-4-24,Kollam,10,1508,6,1498,3
2020-4-5,Kollam,9,12670,5,12661,3
2020-3-1,Pathanamthitta,0,1,0,1,2
2020-3-20,Pathanamthitta,15,4570,9,4555,2
2020-3-17,Pathanamthitta,22,2500,9,2478,4
2020-4-27,Pathanamthitta,9,385,3,376,2
2020-3-31,Pathanamthitta,13,7254,5,7241,2
2020-4-10,Pathanamthitta,16,6748,8,6732,4
2020-4-6,Pathanamthitta,16,7716,7,7700,3
2020-4-3,Pathanamthitta,22,8437,5,8415,6
2020-5-3,Pathanamthitta,5,127,1,122,2
2020-4-15,Pathanamthitta,15,5738,6,5723,2
2020-4-22,Pathanamthitta,6,987,6,981,0
2020-3-28,Pathanamthitta,20,7855,9,7835,2
2020-3-9,Pathanamthitta,12,53,3,41,2
2020-4-18,Pathanamthitta,14,2858,6,2844,2
2020-3-12,Pathanamthitta,34,896,7,862,2
2020-3-25,Pathanamthitta,21,4461,10,4440,1
2020-3-4,Pathanamthitta,3,9,0,6,0
2020-3-3,Pathanamthitta,3,6,0,3,0
2020-3-15,Pathanamthitta,29,1638,9,1609,4
2020-3-22,Pathanamthitta,14,4767,9,4753,2
2020-4-28,Pathanamthitta,10,377,3,367,3
2020-4-9,Pathanamthitta,13,7049,8,7036,1
2020-3-18,Pathanamthitta,16,2900,9,2884,2
2020-4-12,Pathanamthitta,16,6247,9,6231,2
2020-4-25,Pathanamthitta,9,394,3,385,2
2020-4-4,Pathanamthitta,19,7980,5,7961,0
2020-5-1,Pathanamthitta,8,139,1,131,3
2020-4-1,Pathanamthitta,17,7575,5,7558,6
2020-4-20,Pathanamthitta,6,1144,6,1138,0
2020-4-17,Pathanamthitta,16,4050,6,4034,2
2020-3-27,Pathanamthitta,24,6975,9,6951,8
2020-3-10,Pathanamthitta,15,60,7,45,5
2020-3-6,Pathanamthitta,6,17,0,11,0
2020-5-2,Pathanamthitta,7,152,1,145,2
2020-4-2,Pathanamthitta,25,8656,6,8631,9
2020-4-14,Pathanamthitta,15,5920,6,5905,3
2020-4-23,Pathanamthitta,7,697,6,690,1
2020-3-29,Pathanamthitta,21,7725,5,7704,4
2020-3-8,Pathanamthitta,10,36,3,26,0
2020-4-19,Pathanamthitta,7,1710,6,1703,0
2020-3-13,Pathanamthitta,29,932,7,903,5
2020-3-24,Pathanamthitta,20,4524,8,4504,7
2020-3-5,Pathanamthitta,3,9,0,6,4
2020-3-21,Pathanamthitta,15,5257,9,5242,4
2020-3-16,Pathanamthitta,21,1756,9,1735,3
2020-4-26,Pathanamthitta,10,385,3,375,2
2020-4-11,Pathanamthitta,14,6477,8,6463,1
2020-3-30,Pathanamthitta,19,7486,5,7467,3
2020-4-7,Pathanamthitta,16,7516,7,7500,0
2020-4-21,Pathanamthitta,7,745,6,738,1
2020-4-16,Pathanamthitta,15,5012,6,4997,2
2020-3-26,Pathanamthitta,17,6417,10,6400,4
2020-4-30,Pathanamthitta,5,139,1,134,0
2020-3-11,Pathanamthitta,32,892,7,860,17
2020-3-7,Pathanamthitta,5,26,0,21,0
2020-3-2,Pathanamthitta,1,3,0,2,0
2020-3-14,Pathanamthitta,28,969,9,941,4
2020-3-23,Pathanamthitta,15,4580,8,4565,3
2020-4-29,Pathanamthitta,9,215,2,206,2
2020-4-8,Pathanamthitta,15,7355,8,7340,6
2020-3-19,Pathanamthitta,15,3730,9,3715,6
2020-4-13,Pathanamthitta,18,6061,6,6043,2
2020-4-24,Pathanamthitta,7,418,3,411,3
2020-4-5,Pathanamthitta,14,7697,6,7683,5
2020-3-1,Idukki,0,3,0,3,0
2020-3-20,Idukki,1,504,1,503,0
2020-3-17,Idukki,0,374,1,374,0
2020-4-27,Idukki,15,1385,14,1370,7
2020-3-31,Idukki,5,2737,4,2732,1
2020-4-10,Idukki,8,4372,3,4364,0
2020-4-6,Idukki,8,3723,7,3715,0
2020-4-3,Idukki,10,2946,7,2936,4
2020-5-3,Idukki,17,1612,12,1595,1
2020-4-15,Idukki,0,3497,0,3497,0
2020-4-22,Idukki,3,1441,1,1438,0
2020-3-28,Idukki,4,1925,2,1921,1
2020-3-9,Idukki,1,38,0,37,1
2020-4-18,Idukki,4,2449,0,2445,3
2020-3-12,Idukki,0,61,0,61,0
2020-3-25,Idukki,3,1224,1,1221,1
2020-3-4,Idukki,0,9,0,9,0
2020-3-3,Idukki,0,8,0,8,0
2020-3-15,Idukki,0,75,1,75,0
2020-3-22,Idukki,3,600,1,597,3
2020-4-28,Idukki,23,1462,13,1439,8
2020-4-9,Idukki,8,4323,3,4315,1
2020-3-18,Idukki,0,442,1,442,0
2020-4-12,Idukki,3,4031,0,4028,1
2020-4-25,Idukki,9,1336,4,1327,0
2020-4-4,Idukki,8,3137,7,3129,1
2020-5-1,Idukki,24,1637,14,1613,0
2020-4-1,Idukki,6,2821,4,2815,1
2020-4-20,Idukki,4,1950,0,1946,0
2020-4-17,Idukki,1,2897,0,2896,1
2020-3-27,Idukki,5,1538,2,1533,2
2020-3-10,Idukki,1,46,0,45,0
2020-3-6,Idukki,0,10,0,10,0
2020-5-2,Idukki,17,1645,12,1628,0
2020-4-2,Idukki,7,2836,9,2829,1
2020-4-14,Idukki,0,3674,0,3674,0
2020-4-23,Idukki,4,1336,4,1332,1
2020-3-29,Idukki,6,2265,2,2259,3
2020-3-8,Idukki,0,12,0,12,0
2020-4-19,Idukki,4,2185,0,2181,1
2020-3-13,Idukki,0,52,0,52,0
2020-3-24,Idukki,5,1123,0,1118,2
2020-3-5,Idukki,0,9,0,9,0
2020-3-21,Idukki,0,537,1,537,0
2020-3-16,Idukki,0,92,1,92,0
2020-4-26,Idukki,11,1357,10,1346,3
2020-4-11,Idukki,8,4371,1,4363,0
2020-3-30,Idukki,6,2661,4,2655,2
2020-4-7,Idukki,9,4064,7,4055,1
2020-4-21,Idukki,5,1780,0,1775,1
2020-4-16,Idukki,0,3146,0,3146,0
2020-3-26,Idukki,3,1307,2,1304,1
2020-4-30,Idukki,26,1592,14,1566,3
2020-3-11,Idukki,0,53,0,53,0
2020-3-7,Idukki,0,11,0,11,0
2020-3-2,Idukki,0,5,0,5,3
2020-3-14,Idukki,0,58,0,58,0
2020-3-23,Idukki,3,643,0,640,0
2020-4-29,Idukki,25,1584,14,1559,3
2020-4-8,Idukki,9,4255,5,4246,0
2020-3-19,Idukki,1,480,1,479,1
2020-4-13,Idukki,5,3755,0,3750,2
2020-4-24,Idukki,10,1419,4,1409,6
2020-4-5,Idukki,8,3608,7,3600,0
2020-3-1,Kottayam,0,28,0,28,0
2020-3-20,Kottayam,5,1867,2,1862,0
2020-3-17,Kottayam,8,1246,2,1238,1
2020-4-27,Kottayam,12,727,17,715,6
2020-3-31,Kottayam,4,3258,1,3254,0
2020-4-10,Kottayam,1,2585,0,2584,1
2020-4-6,Kottayam,3,3222,0,3219,3
2020-4-3,Kottayam,4,3251,0,3247,1
2020-5-3,Kottayam,18,1721,18,1703,0
2020-4-15,Kottayam,0,1824,0,1824,0
2020-4-22,Kottayam,0,63,0,63,0
2020-3-28,Kottayam,3,3279,3,3276,0
2020-3-9,Kottayam,4,83,0,79,4
2020-4-18,Kottayam,0,1312,0,1312,0
2020-3-12,Kottayam,11,409,2,398,0
2020-3-25,Kottayam,7,2688,5,2681,1
2020-3-4,Kottayam,0,42,0,42,5
2020-3-3,Kottayam,0,41,0,41,0
2020-3-15,Kottayam,10,873,2,863,1
2020-3-22,Kottayam,6,2412,2,2406,1
2020-4-28,Kottayam,19,1040,18,1021,7
2020-4-9,Kottayam,0,3205,0,3205,0
2020-3-18,Kottayam,7,1311,2,1304,0
2020-4-12,Kottayam,0,2278,0,2278,0
2020-4-25,Kottayam,5,536,6,531,2
2020-4-4,Kottayam,4,3265,0,3261,3
2020-5-1,Kottayam,18,1584,18,1566,0
2020-4-1,Kottayam,4,3282,1,3278,1
2020-4-20,Kottayam,0,603,0,603,0
2020-4-17,Kottayam,0,1363,0,1363,0
2020-3-27,Kottayam,7,3207,5,3200,0
2020-3-10,Kottayam,10,92,2,82,6
2020-3-6,Kottayam,0,64,0,64,1
2020-5-2,Kottayam,18,1665,18,1647,0
2020-4-2,Kottayam,3,3304,1,3301,0
2020-4-14,Kottayam,0,2280,0,2280,0
2020-4-23,Kottayam,1,157,3,156,1
2020-3-29,Kottayam,3,3354,3,3351,0
2020-3-8,Kottayam,0,77,0,77,0
2020-4-19,Kottayam,0,1069,0,1069,0
2020-3-13,Kottayam,11,736,2,725,2
2020-3-24,Kottayam,6,2411,5,2405,0
2020-3-5,Kottayam,0,59,0,59,0
2020-3-21,Kottayam,5,2134,2,2129,0
2020-3-16,Kottayam,9,1034,2,1025,2
2020-4-26,Kottayam,6,650,11,644,1
2020-4-11,Kottayam,4,2593,0,2589,3
2020-3-30,Kottayam,4,3360,3,3356,1
2020-4-7,Kottayam,4,3336,0,3332,1
2020-4-21,Kottayam,0,571,0,571,0
2020-4-16,Kottayam,0,1782,0,1782,0
2020-3-26,Kottayam,7,2903,5,2896,0
2020-4-30,Kottayam,18,1393,18,1375,0
2020-3-11,Kottayam,12,243,2,231,2
2020-3-7,Kottayam,0,71,0,71,0
2020-3-2,Kottayam,0,35,0,35,2
2020-3-14,Kottayam,11,802,2,791,1
2020-3-23,Kottayam,7,2499,4,2492,1
2020-4-29,Kottayam,18,1256,18,1238,0
2020-4-8,Kottayam,3,2552,0,2549,0
2020-3-19,Kottayam,6,1596,2,1590,0
2020-4-13,Kottayam,0,2278,0,2278,0
2020-4-24,Kottayam,3,239,3,236,2
2020-4-5,Kottayam,2,3326,0,3324,0
2020-3-1,Alappuzha,0,6,0,6,2
2020-3-20,Alappuzha,8,3763,0,3755,2
2020-3-17,Alappuzha,10,1107,0,1097,3
2020-4-27,Alappuzha,3,1282,0,1279,0
2020-3-31,Alappuzha,11,6956,1,6945,1
2020-4-10,Alappuzha,11,7046,3,7035,2
2020-4-6,Alappuzha,12,8743,2,8731,3
2020-4-3,Alappuzha,12,7378,1,7366,4
2020-5-3,Alappuzha,4,1283,0,1279,0
2020-4-15,Alappuzha,10,6895,3,6885,0
2020-4-22,Alappuzha,2,1818,0,1816,2
2020-3-28,Alappuzha,19,5771,1,5752,5
2020-3-9,Alappuzha,6,71,0,65,3
2020-4-18,Alappuzha,6,4773,2,4767,1
2020-3-12,Alappuzha,21,161,0,140,5
2020-3-25,Alappuzha,18,5592,1,5574,4
2020-3-4,Alappuzha,0,19,0,19,0
2020-3-3,Alappuzha,0,16,0,16,0
2020-3-15,Alappuzha,10,533,0,523,0
2020-3-22,Alappuzha,11,4428,0,4417,5
2020-4-28,Alappuzha,2,1353,0,1351,1
2020-4-9,Alappuzha,12,7732,3,7720,3
2020-3-18,Alappuzha,8,1901,0,1893,4
2020-4-12,Alappuzha,11,7185,3,7174,1
2020-4-25,Alappuzha,3,1303,0,1300,0
2020-4-4,Alappuzha,13,7979,2,7966,3
2020-5-1,Alappuzha,6,1368,0,1362,5
2020-4-1,Alappuzha,6,8049,1,8043,3
2020-4-20,Alappuzha,5,2973,0,2968,0
2020-4-17,Alappuzha,9,5341,2,5332,0
2020-3-27,Alappuzha,20,5620,1,5600,4
2020-3-10,Alappuzha,20,98,0,78,14
2020-3-6,Alappuzha,1,28,0,27,0
2020-5-2,Alappuzha,5,1299,0,1294,0
2020-4-2,Alappuzha,10,7108,1,7098,4
2020-4-14,Alappuzha,11,6686,3,6675,1
2020-4-23,Alappuzha,3,1858,0,1855,1
2020-3-29,Alappuzha,21,6267,1,6246,7
2020-3-8,Alappuzha,3,39,0,36,0
2020-4-19,Alappuzha,5,3888,2,3883,1
2020-3-13,Alappuzha,13,265,0,252,7
2020-3-24,Alappuzha,19,5509,1,5490,8
2020-3-5,Alappuzha,0,25,0,25,1
2020-3-21,Alappuzha,6,4476,0,4470,1
2020-3-16,Alappuzha,11,795,0,784,7
2020-4-26,Alappuzha,3,1259,0,1256,0
2020-4-11,Alappuzha,12,7181,3,7169,2
2020-3-30,Alappuzha,15,6627,1,6612,1
2020-4-7,Alappuzha,14,7766,1,7752,5
2020-4-21,Alappuzha,0,2294,0,2294,0
2020-4-16,Alappuzha,9,6131,3,6122,2
2020-3-26,Alappuzha,22,5791,1,5769,7
2020-4-30,Alappuzha,1,1366,0,1365,0
2020-3-11,Alappuzha,17,128,0,111,1
2020-3-7,Alappuzha,3,33,0,30,0
2020-3-2,Alappuzha,0,9,0,9,1
2020-3-14,Alappuzha,10,523,0,513,1
2020-3-23,Alappuzha,14,4840,0,4826,3
2020-4-29,Alappuzha,2,1317,0,1315,0
2020-4-8,Alappuzha,15,7661,3,7646,1
2020-3-19,Alappuzha,10,2449,0,2439,7
2020-4-13,Alappuzha,10,6566,3,6556,1
2020-4-24,Alappuzha,6,1335,0,1329,3
2020-4-5,Alappuzha,15,8502,2,8487,8
2020-3-1,Ernakulam,2,50,0,48,0
2020-3-20,Ernakulam,28,4224,9,4196,7
2020-3-17,Ernakulam,21,938,3,917,1
2020-4-27,Ernakulam,20,462,1,442,1
2020-3-31,Ernakulam,31,5312,14,5281,8
2020-4-10,Ernakulam,24,2977,7,2953,3
2020-4-6,Ernakulam,35,707,18,672,1
2020-4-3,Ernakulam,36,12133,17,12097,2
2020-5-3,Ernakulam,27,907,0,880,1
2020-4-15,Ernakulam,27,1289,5,1262,2
2020-4-22,Ernakulam,15,149,2,134,5
2020-3-28,Ernakulam,32,4981,13,4949,2
2020-3-9,Ernakulam,6,177,0,171,0
2020-4-18,Ernakulam,20,378,2,358,8
2020-3-12,Ernakulam,37,359,0,322,16
2020-3-25,Ernakulam,34,3308,20,3274,3
2020-3-4,Ernakulam,2,126,0,124,0
2020-3-3,Ernakulam,2,105,0,103,0
2020-3-15,Ernakulam,32,613,3,581,10
2020-3-22,Ernakulam,23,3984,12,3961,4
2020-4-28,Ernakulam,22,758,1,736,10
2020-4-9,Ernakulam,26,3011,8,2985,5
2020-3-18,Ernakulam,23,1012,3,989,4
2020-4-12,Ernakulam,27,2101,7,2074,9
2020-4-25,Ernakulam,19,389,2,370,4
2020-4-4,Ernakulam,36,11878,18,11842,4
2020-5-1,Ernakulam,20,831,0,811,5
2020-4-1,Ernakulam,37,4627,17,4590,7
2020-4-20,Ernakulam,13,186,2,173,3
2020-4-17,Ernakulam,19,696,2,677,3
2020-3-27,Ernakulam,35,3919,15,3884,10
2020-3-10,Ernakulam,23,248,0,225,6
2020-3-6,Ernakulam,2,131,0,129,13
2020-5-2,Ernakulam,26,859,0,833,11
2020-4-2,Ernakulam,35,3878,17,3843,1
2020-4-14,Ernakulam,28,1657,5,1629,4
2020-4-23,Ernakulam,13,152,2,139,5
2020-3-29,Ernakulam,29,5730,14,5701,6
2020-3-8,Ernakulam,6,147,0,141,0
2020-4-19,Ernakulam,18,228,2,210,2
2020-3-13,Ernakulam,30,437,0,407,1
2020-3-24,Ernakulam,33,4380,17,4347,4
2020-3-5,Ernakulam,2,129,0,127,0
2020-3-21,Ernakulam,23,3474,12,3451,1
2020-3-16,Ernakulam,30,680,3,650,6
2020-4-26,Ernakulam,19,360,2,341,1
2020-4-11,Ernakulam,24,2735,7,2711,4
2020-3-30,Ernakulam,25,5527,14,5502,7
2020-4-7,Ernakulam,33,3057,14,3024,2
2020-4-21,Ernakulam,13,153,2,140,5
2020-4-16,Ernakulam,21,999,4,978,1
2020-3-26,Ernakulam,32,3495,15,3463,5
2020-4-30,Ernakulam,16,714,1,698,8
2020-3-11,Ernakulam,24,304,0,280,8
2020-3-7,Ernakulam,4,138,0,134,0
2020-3-2,Ernakulam,2,80,0,78,0
2020-3-14,Ernakulam,26,526,3,500,3
2020-3-23,Ernakulam,29,4230,16,4201,8
2020-4-29,Ernakulam,18,766,1,748,1
2020-4-8,Ernakulam,29,3090,14,3061,5
2020-3-19,Ernakulam,23,1108,3,1085,6
2020-4-13,Ernakulam,31,2063,7,2032,4
2020-4-24,Ernakulam,22,294,2,272,9
2020-4-5,Ernakulam,41,1183,18,1142,9
2020-3-1,Thrissur,5,44,0,39,1
2020-3-20,Thrissur,29,3386,1,3357,9
2020-3-17,Thrissur,38,2296,1,2258,7
2020-4-27,Thrissur,19,886,0,867,1
2020-3-31,Thrissur,47,20588,6,20541,8
2020-4-10,Thrissur,24,15193,6,15169,4
2020-4-6,Thrissur,39,14716,9,14677,4
2020-4-3,Thrissur,40,14073,10,14033,11
2020-5-3,Thrissur,13,947,0,934,3
2020-4-15,Thrissur,10,8148,1,8138,1
2020-4-22,Thrissur,5,875,0,870,0
2020-3-28,Thrissur,37,14737,4,14700,14
2020-3-9,Thrissur,39,211,0,172,22
2020-4-18,Thrissur,10,4562,1,4552,1
2020-3-12,Thrissur,73,843,1,770,8
2020-3-25,Thrissur,37,12081,1,12044,11
2020-3-4,Thrissur,9,63,0,54,0
2020-3-3,Thrissur,6,58,0,52,2
2020-3-15,Thrissur,48,1574,1,1526,8
2020-3-22,Thrissur,40,8538,1,8498,19
2020-4-28,Thrissur,19,897,0,878,2
2020-4-9,Thrissur,26,15725,7,15699,1
2020-3-18,Thrissur,33,2717,1,2684,8
2020-4-12,Thrissur,11,10030,5,10019,4
2020-4-25,Thrissur,15,802,0,787,5
2020-4-4,Thrissur,36,14219,10,14183,7
2020-5-1,Thrissur,20,905,0,885,5
2020-4-1,Thrissur,38,18863,8,18825,9
2020-4-20,Thrissur,8,971,0,963,1
2020-4-17,Thrissur,11,5701,1,5690,2
2020-3-27,Thrissur,47,13455,4,13408,6
2020-3-10,Thrissur,68,277,0,209,35
2020-3-6,Thrissur,12,95,0,83,0
2020-5-2,Thrissur,17,943,0,926,3
2020-4-2,Thrissur,37,19099,9,19062,8
2020-4-14,Thrissur,12,9316,1,9304,2
2020-4-23,Thrissur,11,814,0,803,7
2020-3-29,Thrissur,39,14935,5,14896,10
2020-3-8,Thrissur,20,117,0,97,0
2020-4-19,Thrissur,8,2714,0,2706,0
2020-3-13,Thrissur,72,1150,1,1078,5
2020-3-24,Thrissur,29,10908,2,10879,8
2020-3-5,Thrissur,12,83,0,71,1
2020-3-21,Thrissur,24,6538,1,6514,4
2020-3-16,Thrissur,45,2041,1,1996,9
2020-4-26,Thrissur,18,802,0,784,5
2020-4-11,Thrissur,20,12343,5,12323,0
2020-3-30,Thrissur,42,17827,5,17785,9
2020-4-7,Thrissur,37,15033,9,14996,5
2020-4-21,Thrissur,8,869,0,861,0
2020-4-16,Thrissur,11,6944,1,6933,4
2020-3-26,Thrissur,50,13283,3,13233,18
2020-4-30,Thrissur,18,898,0,880,1
2020-3-11,Thrissur,78,613,0,535,12
2020-3-7,Thrissur,15,101,0,86,0
2020-3-2,Thrissur,6,52,0,46,4
2020-3-14,Thrissur,60,1391,1,1331,12
2020-3-23,Thrissur,44,9336,2,9292,8
2020-4-29,Thrissur,22,912,0,890,6
2020-4-8,Thrissur,36,15716,7,15680,2
2020-3-19,Thrissur,30,3008,1,2978,4
2020-4-13,Thrissur,11,9754,2,9743,3
2020-4-24,Thrissur,11,747,0,736,1
2020-4-5,Thrissur,38,14501,10,14463,6
2020-3-1,Palakkad,0,2,0,2,0
2020-3-20,Palakkad,26,3864,0,3838,0
2020-3-17,Palakkad,27,232,0,205,9
2020-4-27,Palakkad,56,3408,7,3352,12
2020-3-31,Palakkad,48,20219,5,20171,10
2020-4-10,Palakkad,30,16825,7,16795,4
2020-4-6,Palakkad,32,18427,7,18395,10
2020-4-3,Palakkad,47,19610,6,19563,4
2020-5-3,Palakkad,47,3036,1,2989,10
2020-4-15,Palakkad,40,13128,2,13088,14
2020-4-22,Palakkad,35,3839,6,3804,11
2020-3-28,Palakkad,37,16128,4,16091,15
2020-3-9,Palakkad,14,36,0,22,12
2020-4-18,Palakkad,31,10417,2,10386,9
2020-3-12,Palakkad,30,119,0,89,8
2020-3-25,Palakkad,36,5420,3,5384,8
2020-3-4,Palakkad,0,11,0,11,2
2020-3-3,Palakkad,1,8,0,7,2
2020-3-15,Palakkad,28,179,0,151,9
2020-3-22,Palakkad,25,5109,0,5084,9
2020-4-28,Palakkad,60,3378,7,3318,14
2020-4-9,Palakkad,37,17510,7,17473,12
2020-3-18,Palakkad,29,309,0,280,9
2020-4-12,Palakkad,28,15606,3,15578,9
2020-4-25,Palakkad,69,3501,6,3432,19
2020-4-4,Palakkad,46,19325,7,19279,5
2020-5-1,Palakkad,53,3076,1,3023,23
2020-4-1,Palakkad,52,20038,6,19986,10
2020-4-20,Palakkad,38,7030,2,6992,9
2020-4-17,Palakkad,30,12077,2,12047,7
2020-3-27,Palakkad,42,5366,3,5324,16
2020-3-10,Palakkad,25,73,0,48,11
2020-3-6,Palakkad,3,17,0,14,0
2020-5-2,Palakkad,49,3085,1,3036,11
2020-4-2,Palakkad,52,19721,6,19669,8
2020-4-14,Palakkad,36,14216,2,14180,15
2020-4-23,Palakkad,51,3332,6,3281,21
2020-3-29,Palakkad,32,18837,5,18805,5
2020-3-8,Palakkad,5,17,0,12,9
2020-4-19,Palakkad,34,8728,2,8694,8
2020-3-13,Palakkad,22,146,0,124,7
2020-3-24,Palakkad,36,5514,1,5478,11
2020-3-5,Palakkad,2,16,0,14,1
2020-3-21,Palakkad,21,4110,0,4089,7
2020-3-16,Palakkad,22,191,0,169,4
2020-4-26,Palakkad,56,3472,6,3416,4
2020-4-11,Palakkad,33,16392,3,16359,7
2020-3-30,Palakkad,44,20143,5,20099,16
2020-4-7,Palakkad,31,18386,7,18355,6
2020-4-21,Palakkad,32,4974,7,4942,6
2020-4-16,Palakkad,33,13059,2,13026,3
2020-3-26,Palakkad,42,5915,3,5873,13
2020-4-30,Palakkad,58,3158,1,3100,6
2020-3-11,Palakkad,25,102,0,77,4
2020-3-7,Palakkad,4,18,0,14,1
2020-3-2,Palakkad,1,9,0,8,0
2020-3-14,Palakkad,22,154,0,132,5
2020-3-23,Palakkad,27,5162,0,5135,8
2020-4-29,Palakkad,63,3253,6,3190,15
2020-4-8,Palakkad,36,17454,7,17418,12
2020-3-19,Palakkad,26,492,0,466,4
2020-4-13,Palakkad,33,14787,4,14754,9
2020-4-24,Palakkad,73,3514,6,3441,30
2020-4-5,Palakkad,29,18531,7,18502,6
2020-3-1,Malappuram,1,2,0,1,4
2020-3-20,Malappuram,7,6239,2,6232,3
2020-3-17,Malappuram,18,2172,2,2154,7
2020-4-27,Malappuram,44,1810,1,1766,23
2020-3-31,Malappuram,102,12642,9,12540,24
2020-4-10,Malappuram,84,14291,16,14207,41
2020-4-6,Malappuram,168,16453,13,16285,11
2020-4-3,Malappuram,100,14794,11,14694,59
2020-5-3,Malappuram,28,1591,2,1563,7
2020-4-15,Malappuram,22,10331,9,10309,12
2020-4-22,Malappuram,30,4126,6,4096,24
2020-3-28,Malappuram,80,11525,8,11445,19
2020-3-9,Malappuram,24,76,0,52,20
2020-4-18,Malappuram,40,6684,7,6644,19
2020-3-12,Malappuram,29,132,0,103,13
2020-3-25,Malappuram,55,10515,5,10460,44
2020-3-4,Malappuram,6,44,0,38,0
2020-3-3,Malappuram,2,34,0,32,0
2020-3-15,Malappuram,17,242,0,225,7
2020-3-22,Malappuram,11,7394,4,7383,7
2020-4-28,Malappuram,70,1867,1,1797,60
2020-4-9,Malappuram,83,14067,14,13984,26
2020-3-18,Malappuram,13,3834,2,3821,6
2020-4-12,Malappuram,210,13269,10,13059,68
2020-4-25,Malappuram,31,1925,2,1894,16
2020-4-4,Malappuram,126,16522,11,16396,48
2020-5-1,Malappuram,15,1538,2,1523,12
2020-4-1,Malappuram,59,12780,11,12721,20
2020-4-20,Malappuram,30,5713,6,5683,7
2020-4-17,Malappuram,41,7833,7,7792,13
2020-3-27,Malappuram,90,11346,7,11256,24
2020-3-10,Malappuram,45,75,0,30,21
2020-3-6,Malappuram,5,55,0,50,0
2020-5-2,Malappuram,28,1610,2,1582,19
2020-4-2,Malappuram,63,13936,11,13873,25
2020-4-14,Malappuram,23,12189,9,12166,11
2020-4-23,Malappuram,70,2465,5,2395,42
2020-3-29,Malappuram,82,11625,9,11543,25
2020-3-8,Malappuram,15,48,0,33,3
2020-4-19,Malappuram,23,5727,6,5704,13
2020-3-13,Malappuram,30,165,0,135,1
2020-3-24,Malappuram,29,9898,5,9869,18
2020-3-5,Malappuram,6,50,0,44,0
2020-3-21,Malappuram,10,7018,2,7008,6
2020-3-16,Malappuram,21,976,2,955,7
2020-4-26,Malappuram,41,1813,1,1772,21
2020-4-11,Malappuram,199,13988,16,13789,123
2020-3-30,Malappuram,105,12099,9,11994,26
2020-4-7,Malappuram,137,14179,14,14042,44
2020-4-21,Malappuram,25,4656,6,4631,13
2020-4-16,Malappuram,38,8708,8,8670,20
2020-3-26,Malappuram,75,11235,8,11160,20
2020-4-30,Malappuram,17,1524,2,1507,12
2020-3-11,Malappuram,61,93,0,32,21
2020-3-7,Malappuram,11,41,0,30,15
2020-3-2,Malappuram,0,6,0,6,2
2020-3-14,Malappuram,31,195,0,164,22
2020-3-23,Malappuram,15,9294,4,9279,11
2020-4-29,Malappuram,90,1554,1,1464,20
2020-4-8,Malappuram,118,14136,14,14018,50
2020-3-19,Malappuram,11,4712,2,4701,6
2020-4-13,Malappuram,131,12801,10,12670,18
2020-4-24,Malappuram,94,2677,2,2583,42
2020-4-5,Malappuram,156,16850,11,16694,61
2020-3-1,Kozhikode,1,8,0,7,0
2020-3-20,Kozhikode,14,5798,0,5784,9
2020-3-17,Kozhikode,14,4144,0,4130,10
2020-4-27,Kozhikode,58,1019,8,961,26
2020-3-31,Kozhikode,17,21239,9,21222,5
2020-4-10,Kozhikode,30,17824,7,17794,6
2020-4-6,Kozhikode,37,21934,11,21897,13
2020-4-3,Kozhikode,26,21934,7,21908,13
2020-5-3,Kozhikode,32,1047,4,1015,13
2020-4-15,Kozhikode,24,14173,9,14149,4
2020-4-22,Kozhikode,28,3803,13,3775,12
2020-3-28,Kozhikode,39,10654,9,10615,2
2020-3-9,Kozhikode,6,72,0,66,2
2020-4-18,Kozhikode,25,10012,13,9987,6
2020-3-12,Kozhikode,7,483,0,476,3
2020-3-25,Kozhikode,43,9980,6,9937,10
2020-3-4,Kozhikode,5,21,0,16,1
2020-3-3,Kozhikode,4,13,0,9,2
2020-3-15,Kozhikode,7,2683,0,2676,4
2020-3-22,Kozhikode,34,8150,2,8116,20
2020-4-28,Kozhikode,53,1021,8,968,16
2020-4-9,Kozhikode,26,19399,9,19373,8
2020-3-18,Kozhikode,8,4953,0,4945,4
2020-4-12,Kozhikode,34,17407,8,17373,17
2020-4-25,Kozhikode,58,1193,12,1135,22
2020-4-4,Kozhikode,32,21934,7,21902,14
2020-5-1,Kozhikode,36,1311,4,1275,16
2020-4-1,Kozhikode,23,21485,8,21462,9
2020-4-20,Kozhikode,22,7494,13,7472,3
2020-4-17,Kozhikode,31,11586,12,11555,7
2020-3-27,Kozhikode,37,10474,9,10437,4
2020-3-10,Kozhikode,15,133,0,118,10
2020-3-6,Kozhikode,6,24,0,18,0
2020-5-2,Kozhikode,34,1321,4,1287,11
2020-4-2,Kozhikode,28,21934,9,21906,9
2020-4-14,Kozhikode,29,16240,11,16211,5
2020-4-23,Kozhikode,36,2770,15,2734,15
2020-3-29,Kozhikode,21,10762,9,10741,2
2020-3-8,Kozhikode,5,46,0,41,0
2020-4-19,Kozhikode,28,8428,13,8400,8
2020-3-13,Kozhikode,7,592,0,585,4
2020-3-24,Kozhikode,35,9709,5,9674,19
2020-3-5,Kozhikode,5,24,0,19,0
2020-3-21,Kozhikode,23,7649,0,7626,18
2020-3-16,Kozhikode,8,3215,0,3207,8
2020-4-26,Kozhikode,50,1084,12,1034,13
2020-4-11,Kozhikode,23,17387,8,17364,4
2020-3-30,Kozhikode,22,20135,9,20113,3
2020-4-7,Kozhikode,27,21934,11,21907,9
2020-4-21,Kozhikode,27,5203,9,5176,9
2020-4-16,Kozhikode,28,12875,11,12847,15
2020-3-26,Kozhikode,47,10324,8,10277,6
2020-4-30,Kozhikode,42,1223,4,1181,15
2020-3-11,Kozhikode,10,301,0,291,5
2020-3-7,Kozhikode,5,33,0,28,1
2020-3-2,Kozhikode,2,9,0,7,0
2020-3-14,Kozhikode,18,1837,0,1819,16
2020-3-23,Kozhikode,38,8408,3,8370,12
2020-4-29,Kozhikode,48,1125,5,1077,6
2020-4-8,Kozhikode,24,20049,9,20025,9
2020-3-19,Kozhikode,10,5662,0,5652,8
2020-4-13,Kozhikode,28,17407,8,17379,6
2020-4-24,Kozhikode,48,1680,14,1632,17
2020-4-5,Kozhikode,35,21934,11,21899,13
2020-3-1,Wayanad,0,0,0,0,0
2020-3-20,Wayanad,0,736,0,736,0
2020-3-17,Wayanad,0,377,0,377,0
2020-4-27,Wayanad,7,978,0,971,1
2020-3-31,Wayanad,13,8511,3,8498,2
2020-4-10,Wayanad,7,10870,1,10863,1
2020-4-6,Wayanad,9,11588,3,11579,2
2020-4-3,Wayanad,7,10842,3,10835,3
2020-5-3,Wayanad,6,841,1,835,3
2020-4-15,Wayanad,6,9097,1,9091,2
2020-4-22,Wayanad,8,2192,1,2184,1
2020-3-28,Wayanad,5,5458,1,5453,0
2020-3-9,Wayanad,1,15,0,14,1
2020-4-18,Wayanad,4,6877,1,6873,3
2020-3-12,Wayanad,0,38,0,38,0
2020-3-25,Wayanad,3,1911,0,1908,0
2020-3-4,Wayanad,0,4,0,4,0
2020-3-3,Wayanad,0,4,0,4,0
2020-3-15,Wayanad,2,146,0,144,2
2020-3-22,Wayanad,1,1114,0,1113,0
2020-4-28,Wayanad,9,851,0,842,4
2020-4-9,Wayanad,6,11117,1,11111,1
2020-3-18,Wayanad,0,433,0,433,0
2020-4-12,Wayanad,5,10326,1,10321,2
2020-4-25,Wayanad,8,1088,0,1080,1
2020-4-4,Wayanad,7,10907,3,10900,1
2020-5-1,Wayanad,13,838,0,825,1
2020-4-1,Wayanad,11,10031,3,10020,0
2020-4-20,Wayanad,7,4821,1,4814,1
2020-4-17,Wayanad,5,7973,1,7968,0
2020-3-27,Wayanad,5,4269,1,4264,1
2020-3-10,Wayanad,1,23,0,22,0
2020-3-6,Wayanad,0,9,0,9,0
2020-5-2,Wayanad,10,790,1,780,2
2020-4-2,Wayanad,8,10753,3,10745,5
2020-4-14,Wayanad,5,9504,1,9499,0
2020-4-23,Wayanad,7,1579,1,1572,3
2020-3-29,Wayanad,8,6736,1,6728,5
2020-3-8,Wayanad,1,10,0,9,0
2020-4-19,Wayanad,6,5468,1,5462,3
2020-3-13,Wayanad,0,57,0,57,0
2020-3-24,Wayanad,3,1499,0,1496,0
2020-3-5,Wayanad,0,7,0,7,0
2020-3-21,Wayanad,1,889,0,888,1
2020-3-16,Wayanad,2,217,0,215,0
2020-4-26,Wayanad,6,1027,0,1021,2
2020-4-11,Wayanad,3,10695,1,10692,1
2020-3-30,Wayanad,12,7906,3,7894,4
2020-4-7,Wayanad,10,11860,3,11850,2
2020-4-21,Wayanad,8,3472,1,3464,1
2020-4-16,Wayanad,5,8787,1,8782,1
2020-3-26,Wayanad,4,2913,1,2909,4
2020-4-30,Wayanad,13,820,0,807,4
2020-3-11,Wayanad,1,28,0,27,0
2020-3-7,Wayanad,1,10,0,9,0
2020-3-2,Wayanad,0,4,0,4,0
2020-3-14,Wayanad,0,105,0,105,0
2020-3-23,Wayanad,4,1440,0,1436,3
2020-4-29,Wayanad,11,815,0,804,2
2020-4-8,Wayanad,10,12102,1,12092,2
2020-3-19,Wayanad,0,545,0,545,0
2020-4-13,Wayanad,6,9912,1,9906,2
2020-4-24,Wayanad,7,1178,1,1171,2
2020-4-5,Wayanad,8,10906,3,10898,1
2020-3-1,Kannur,0,9,0,9,0
2020-3-20,Kannur,25,4490,1,4465,11
2020-3-17,Kannur,26,824,1,798,7
2020-4-27,Kannur,114,2768,49,2654,5
2020-3-31,Kannur,108,11049,48,10941,37
2020-4-10,Kannur,111,8182,38,8071,19
2020-4-6,Kannur,101,10895,48,10794,30
2020-4-3,Kannur,108,10352,52,10244,24
2020-5-3,Kannur,82,2544,37,2462,7
2020-4-15,Kannur,115,7013,44,6898,14
2020-4-22,Kannur,98,3238,60,3140,16
2020-3-28,Kannur,85,10406,26,10321,17
2020-3-9,Kannur,14,83,1,69,4
2020-4-18,Kannur,111,5934,50,5823,25
2020-3-12,Kannur,7,151,4,144,4
2020-3-25,Kannur,81,7967,15,7886,14
2020-3-4,Kannur,2,32,0,30,0
2020-3-3,Kannur,1,31,0,30,0
2020-3-15,Kannur,44,305,1,261,7
2020-3-22,Kannur,49,6126,10,6077,16
2020-4-28,Kannur,103,2552,50,2449,10
2020-4-9,Kannur,106,8574,50,8468,33
2020-3-18,Kannur,21,2239,1,2218,10
2020-4-12,Kannur,102,7836,42,7734,26
2020-4-25,Kannur,120,2711,55,2591,24
2020-4-4,Kannur,95,10276,47,10181,23
2020-5-1,Kannur,102,2560,43,2458,10
2020-4-1,Kannur,98,10880,51,10782,18
2020-4-20,Kannur,103,5133,52,5030,12
2020-4-17,Kannur,127,5767,47,5640,15
2020-3-27,Kannur,87,10128,26,10041,14
2020-3-10,Kannur,9,88,3,79,2
2020-3-6,Kannur,5,40,0,35,0
2020-5-2,Kannur,86,2543,38,2457,2
2020-4-2,Kannur,100,10301,56,10201,23
2020-4-14,Kannur,114,7758,43,7644,18
2020-4-23,Kannur,110,2592,59,2482,20
2020-3-29,Kannur,88,10748,38,10660,6
2020-3-8,Kannur,11,54,0,43,0
2020-4-19,Kannur,106,5987,48,5881,10
2020-3-13,Kannur,23,181,4,158,16
2020-3-24,Kannur,70,7193,15,7123,15
2020-3-5,Kannur,3,38,0,35,0
2020-3-21,Kannur,38,5187,4,5149,16
2020-3-16,Kannur,36,372,1,336,10
2020-4-26,Kannur,114,2720,54,2606,12
2020-4-11,Kannur,100,7881,44,7781,21
2020-3-30,Kannur,92,10904,49,10812,25
2020-4-7,Kannur,92,10561,46,10469,13
2020-4-21,Kannur,102,4365,54,4263,17
2020-4-16,Kannur,122,6706,47,6584,15
2020-3-26,Kannur,80,9190,24,9110,14
2020-4-30,Kannur,104,2683,47,2579,16
2020-3-11,Kannur,7,128,3,121,3
2020-3-7,Kannur,8,45,0,37,2
2020-3-2,Kannur,0,22,0,22,0
2020-3-14,Kannur,43,261,1,218,20
2020-3-23,Kannur,72,6481,15,6409,23
2020-4-29,Kannur,102,2681,47,2579,19
2020-4-8,Kannur,92,9403,49,9311,17
2020-3-19,Kannur,24,3583,1,3559,12
2020-4-13,Kannur,110,7797,43,7687,20
2020-4-24,Kannur,107,2542,56,2435,15
2020-4-5,Kannur,87,10430,49,10343,15
2020-3-1,Kasaragod,1,15,0,14,0
2020-3-20,Kasaragod,13,580,8,567,4
2020-3-17,Kasaragod,6,339,1,333,4
2020-4-27,Kasaragod,37,2023,14,1986,8
2020-3-31,Kasaragod,163,7725,99,7562,37
2020-4-10,Kasaragod,260,10721,130,10461,12
2020-4-6,Kasaragod,221,10836,128,10615,16
2020-4-3,Kasaragod,184,10248,118,10064,17
2020-5-3,Kasaragod,29,1633,5,1604,6
2020-4-15,Kasaragod,137,9201,80,9064,5
2020-4-22,Kasaragod,56,3690,25,3634,5
2020-3-28,Kasaragod,127,6511,77,6384,27
2020-3-9,Kasaragod,2,93,0,91,1
2020-4-18,Kasaragod,117,5857,49,5740,10
2020-3-12,Kasaragod,5,159,0,154,2
2020-3-25,Kasaragod,94,3794,41,3700,9
2020-3-4,Kasaragod,0,33,0,33,0
2020-3-3,Kasaragod,0,33,0,33,0
2020-3-15,Kasaragod,6,266,0,260,0
2020-3-22,Kasaragod,41,733,19,692,26
2020-4-28,Kasaragod,35,1958,13,1923,2
2020-4-9,Kasaragod,272,10746,136,10474,35
2020-3-18,Kasaragod,8,380,1,372,3
2020-4-12,Kasaragod,248,10374,97,10126,9
2020-4-25,Kasaragod,36,2375,15,2339,3
2020-4-4,Kasaragod,195,10555,123,10360,35
2020-5-1,Kasaragod,26,1918,5,1892,3
2020-4-1,Kasaragod,177,8963,110,8786,17
2020-4-20,Kasaragod,54,4754,25,4700,6
2020-4-17,Kasaragod,112,7901,51,7789,9
2020-3-27,Kasaragod,103,5957,76,5854,3
2020-3-10,Kasaragod,1,105,0,104,0
2020-3-6,Kasaragod,0,46,0,46,0
2020-5-2,Kasaragod,30,1764,5,1734,8
2020-4-2,Kasaragod,177,10232,114,10055,21
2020-4-14,Kasaragod,184,9641,84,9457,4
2020-4-23,Kasaragod,56,3126,19,3070,2
2020-3-29,Kasaragod,127,7042,80,6915,10
2020-3-8,Kasaragod,1,56,0,55,0
2020-4-19,Kasaragod,103,5194,42,5091,2
2020-3-13,Kasaragod,10,205,0,195,5
2020-3-24,Kasaragod,85,2736,41,2651,24
2020-3-5,Kasaragod,0,42,0,42,0
2020-3-21,Kasaragod,15,665,14,650,9
2020-3-16,Kasaragod,5,296,1,291,3
2020-4-26,Kasaragod,32,2197,14,2165,2
2020-4-11,Kasaragod,263,10600,123,10337,13
2020-3-30,Kasaragod,134,7437,97,7303,9
2020-4-7,Kasaragod,231,11087,131,10856,14
2020-4-21,Kasaragod,52,4619,25,4567,7
2020-4-16,Kasaragod,114,8380,57,8266,14
2020-3-26,Kasaragod,100,4798,42,4698,7
2020-4-30,Kasaragod,31,1764,9,1733,6
2020-3-11,Kasaragod,3,124,0,121,3
2020-3-7,Kasaragod,1,52,0,51,0
2020-3-2,Kasaragod,1,22,0,21,0
2020-3-14,Kasaragod,6,235,0,229,0
2020-3-23,Kasaragod,61,857,35,796,20
2020-4-29,Kasaragod,29,1930,12,1901,1
2020-4-8,Kasaragod,254,10801,132,10547,40
2020-3-19,Kasaragod,9,517,2,508,3
2020-4-13,Kasaragod,216,10056,85,9840,1
2020-4-24,Kasaragod,41,2593,17,2552,1
2020-4-5,Kasaragod,232,10731,119,10499,43
2020-3-1,Total,13,206,0,193,9
2020-3-20,Total,225,44390,37,44165,56
2020-3-17,Total,268,18011,24,17743,65
2020-4-27,Total,489,20301,123,19812,104
2020-3-31,Total,658,163129,215,162471,150
2020-4-10,Total,730,129751,238,129021,126
2020-4-6,Total,795,152804,266,152009,122
2020-4-3,Total,706,169997,251,169291,184
2020-5-3,Total,388,21720,95,21332,63
2020-4-15,Total,522,97464,167,96942,86
2020-4-22,Total,346,29150,127,28804,95
2020-3-28,Total,620,134370,165,133750,148
2020-3-9,Total,149,1116,4,967,85
2020-4-18,Total,504,67190,140,66686,104
2020-3-12,Total,270,4180,19,3910,65
2020-3-25,Total,532,76542,112,76010,122
2020-3-4,Total,31,469,0,438,11
2020-3-3,Total,23,411,0,388,12
2020-3-15,Total,289,10944,21,10655,68
2020-3-22,Total,314,59295,64,58981,122
2020-4-28,Total,518,20773,123,20255,151
2020-4-9,Total,723,136195,258,135472,153
2020-3-18,Total,237,25603,24,25366,57
2020-4-12,Total,816,116941,194,116125,176
2020-4-25,Total,464,21044,116,20580,132
2020-4-4,Total,734,171355,254,170621,174
2020-5-1,Total,432,21499,102,21067,106
2020-4-1,Total,622,164130,237,163508,123
2020-4-20,Total,398,46323,114,45925,62
2020-4-17,Total,526,78980,138,78454,84
2020-3-27,Total,616,110299,164,109683,112
2020-3-10,Total,259,1495,14,1236,120
2020-3-6,Total,46,592,0,546,14
2020-5-2,Total,410,21894,96,21484,80
2020-4-2,Total,643,165934,256,165291,145
2020-4-14,Total,564,107075,173,106511,81
2020-4-23,Total,437,23876,129,23439,148
2020-3-29,Total,593,141211,181,140618,105
2020-3-8,Total,84,732,3,648,14
2020-4-19,Total,461,55590,129,55129,72
2020-3-13,Total,277,5468,19,5191,69
2020-3-24,Total,466,72460,105,71994,164
2020-3-5,Total,39,547,0,508,10
2020-3-21,Total,228,53013,49,52785,70
2020-3-16,Total,270,12740,24,12470,72
2020-4-26,Total,462,20127,123,19665,99
2020-4-11,Total,814,123490,228,122676,201
2020-3-30,Total,623,157283,213,156660,126
2020-4-7,Total,752,146686,263,145934,131
2020-4-21,Total,332,36667,117,36335,102
2020-4-16,Total,523,88855,147,88332,108
2020-3-26,Total,601,102003,126,101402,136
2020-4-30,Total,426,20711,111,20285,95
2020-3-11,Total,293,3313,14,3020,83
2020-3-7,Total,63,637,0,574,20
2020-3-2,Total,17,293,0,276,20
2020-3-14,Total,302,7677,19,7375,106
2020-3-23,Total,383,64320,91,63937,122
2020-4-29,Total,501,20673,123,20172,84
2020-4-8,Total,749,140474,259,139725,169
2020-3-19,Total,237,31173,25,30936,64
2020-4-13,Total,715,112183,178,111468,86
2020-4-24,Total,482,21725,116,21243,144
2020-4-5,Total,776,158617,256,157841,188
